OP CODE,OP TYPE,GLOBAL CALL COUNT,DEVICE ID,ATTRIBUTES,MATH FIDELITY,CORE COUNT,PARALLELIZATION STRATEGY,HOST START TS,HOST END TS,HOST DURATION [ns],DEVICE FW START CYCLE,DEVICE FW END CYCLE,OP TO OP LATENCY [ns],DEVICE FW DURATION [ns],DEVICE KERNEL DURATION [ns],DEVICE KERNEL DURATION PER CORE MIN [ns],DEVICE KERNEL DURATION PER CORE MAX [ns],DEVICE KERNEL DURATION PER CORE AVG [ns],DEVICE KERNEL FIRST TO LAST START [ns],DEVICE BRISC KERNEL DURATION [ns],DEVICE NCRISC KERNEL DURATION [ns],DEVICE TRISC0 KERNEL DURATION [ns],DEVICE TRISC1 KERNEL DURATION [ns],DEVICE TRISC2 KERNEL DURATION [ns],DEVICE ERISC KERNEL DURATION [ns],DEVICE COMPUTE CB WAIT FRONT [ns],DEVICE COMPUTE CB RESERVE BACK [ns],INPUT_0_W,INPUT_0_Z,INPUT_0_Y,INPUT_0_X,INPUT_0_LAYOUT,INPUT_0_DATATYPE,INPUT_0_MEMORY,INPUT_1_W,INPUT_1_Z,INPUT_1_Y,INPUT_1_X,INPUT_1_LAYOUT,INPUT_1_DATATYPE,INPUT_1_MEMORY,INPUT_2_W,INPUT_2_Z,INPUT_2_Y,INPUT_2_X,INPUT_2_LAYOUT,INPUT_2_DATATYPE,INPUT_2_MEMORY,INPUT_3_W,INPUT_3_Z,INPUT_3_Y,INPUT_3_X,INPUT_3_LAYOUT,INPUT_3_DATATYPE,INPUT_3_MEMORY,OUTPUT_0_W,OUTPUT_0_Z,OUTPUT_0_Y,OUTPUT_0_X,OUTPUT_0_LAYOUT,OUTPUT_0_DATATYPE,OUTPUT_0_MEMORY,METAL TRACE ID,METAL TRACE REPLAY SESSION ID,COMPUTE KERNEL SOURCE,COMPUTE KERNEL HASH,DATA MOVEMENT KERNEL SOURCE,DATA MOVEMENT KERNEL HASH,BRISC MAX KERNEL SIZE [B],NCRISC MAX KERNEL SIZE [B],TRISC 0 MAX KERNEL SIZE [B],TRISC 1 MAX KERNEL SIZE [B],TRISC 2 MAX KERNEL SIZE [B],ERISC MAX KERNEL SIZE [B],PM IDEAL [ns],PM COMPUTE [ns],PM BANDWIDTH [ns],PM REQ I BW,PM REQ O BW,CompileProgram_TT_HOST_FUNC [ns],HWCommandQueue_write_buffer_TT_HOST_FUNC [ns]
(torch) __get__,python_fallback,1,,None,,,,4326627053,4326662326,35273,,,,,,,,,,,,,,,,,,,,,,,,,,,,,,,,,,,,,,,,,,,,,,,,,,,,,,,,,,,,,,,,,,,,,,,
(torch) contiguous,python_fallback,2,,None,,,,4326703752,4326715628,11876,,,,,,,,,,,,,,,,,,,,,,,,,,,,,,,,,,,,,,,,,,,,,,,,,,,,,,,,,,,,,,,,,,,,,,,
(torch) __get__,python_fallback,3,,None,,,,4326728563,4326735667,7104,,,,,,,,,,,,,,,,,,,,,,,,,,,,,,,,,,,,,,,,,,,,,,,,,,,,,,,,,,,,,,,,,,,,,,,
(torch) numel,python_fallback,4,,None,,,,4326747653,4326754455,6802,,,,,,,,,,,,,,,,,,,,,,,,,,,,,,,,,,,,,,,,,,,,,,,,,,,,,,,,,,,,,,,,,,,,,,,
(torch) data_ptr,python_fallback,5,,None,,,,4326763715,4326769879,6164,,,,,,,,,,,,,,,,,,,,,,,,,,,,,,,,,,,,,,,,,,,,,,,,,,,,,,,,,,,,,,,,,,,,,,,
(torch) __get__,python_fallback,6,,None,,,,4343794270,4343822909,28639,,,,,,,,,,,,,,,,,,,,,,,,,,,,,,,,,,,,,,,,,,,,,,,,,,,,,,,,,,,,,,,,,,,,,,,
(torch) contiguous,python_fallback,7,,None,,,,4343856969,4343866867,9898,,,,,,,,,,,,,,,,,,,,,,,,,,,,,,,,,,,,,,,,,,,,,,,,,,,,,,,,,,,,,,,,,,,,,,,
(torch) __get__,python_fallback,8,,None,,,,4343880855,4343889106,8251,,,,,,,,,,,,,,,,,,,,,,,,,,,,,,,,,,,,,,,,,,,,,,,,,,,,,,,,,,,,,,,,,,,,,,,
(torch) numel,python_fallback,9,,None,,,,4343901910,4343910307,8397,,,,,,,,,,,,,,,,,,,,,,,,,,,,,,,,,,,,,,,,,,,,,,,,,,,,,,,,,,,,,,,,,,,,,,,
(torch) data_ptr,python_fallback,10,,None,,,,4343921521,4343929726,8205,,,,,,,,,,,,,,,,,,,,,,,,,,,,,,,,,,,,,,,,,,,,,,,,,,,,,,,,,,,,,,,,,,,,,,,
(torch) __get__,python_fallback,11,,None,,,,4352880919,4352902551,21632,,,,,,,,,,,,,,,,,,,,,,,,,,,,,,,,,,,,,,,,,,,,,,,,,,,,,,,,,,,,,,,,,,,,,,,
(torch) contiguous,python_fallback,12,,None,,,,4352931597,4352941044,9447,,,,,,,,,,,,,,,,,,,,,,,,,,,,,,,,,,,,,,,,,,,,,,,,,,,,,,,,,,,,,,,,,,,,,,,
(torch) __get__,python_fallback,13,,None,,,,4352958682,4352966863,8181,,,,,,,,,,,,,,,,,,,,,,,,,,,,,,,,,,,,,,,,,,,,,,,,,,,,,,,,,,,,,,,,,,,,,,,
(torch) numel,python_fallback,14,,None,,,,4352979240,4352987495,8255,,,,,,,,,,,,,,,,,,,,,,,,,,,,,,,,,,,,,,,,,,,,,,,,,,,,,,,,,,,,,,,,,,,,,,,
(torch) data_ptr,python_fallback,15,,None,,,,4352998397,4353006313,7916,,,,,,,,,,,,,,,,,,,,,,,,,,,,,,,,,,,,,,,,,,,,,,,,,,,,,,,,,,,,,,,,,,,,,,,
(torch) __get__,python_fallback,16,,None,,,,4358714610,4358734178,19568,,,,,,,,,,,,,,,,,,,,,,,,,,,,,,,,,,,,,,,,,,,,,,,,,,,,,,,,,,,,,,,,,,,,,,,
(torch) contiguous,python_fallback,17,,None,,,,4358764858,4358775425,10567,,,,,,,,,,,,,,,,,,,,,,,,,,,,,,,,,,,,,,,,,,,,,,,,,,,,,,,,,,,,,,,,,,,,,,,
(torch) __get__,python_fallback,18,,None,,,,4358789299,4358797670,8371,,,,,,,,,,,,,,,,,,,,,,,,,,,,,,,,,,,,,,,,,,,,,,,,,,,,,,,,,,,,,,,,,,,,,,,
(torch) numel,python_fallback,19,,None,,,,4358809974,4358818325,8351,,,,,,,,,,,,,,,,,,,,,,,,,,,,,,,,,,,,,,,,,,,,,,,,,,,,,,,,,,,,,,,,,,,,,,,
(torch) data_ptr,python_fallback,20,,None,,,,4358829104,4358836837,7733,,,,,,,,,,,,,,,,,,,,,,,,,,,,,,,,,,,,,,,,,,,,,,,,,,,,,,,,,,,,,,,,,,,,,,,
(torch) __get__,python_fallback,21,,None,,,,4924210353,4924235124,24771,,,,,,,,,,,,,,,,,,,,,,,,,,,,,,,,,,,,,,,,,,,,,,,,,,,,,,,,,,,,,,,,,,,,,,,
(torch) contiguous,python_fallback,22,,None,,,,4924262514,4924271220,8706,,,,,,,,,,,,,,,,,,,,,,,,,,,,,,,,,,,,,,,,,,,,,,,,,,,,,,,,,,,,,,,,,,,,,,,
(torch) __get__,python_fallback,23,,None,,,,4924282923,4924290004,7081,,,,,,,,,,,,,,,,,,,,,,,,,,,,,,,,,,,,,,,,,,,,,,,,,,,,,,,,,,,,,,,,,,,,,,,
(torch) numel,python_fallback,24,,None,,,,4924301008,4924307574,6566,,,,,,,,,,,,,,,,,,,,,,,,,,,,,,,,,,,,,,,,,,,,,,,,,,,,,,,,,,,,,,,,,,,,,,,
(torch) data_ptr,python_fallback,25,,None,,,,4924316945,4924323335,6390,,,,,,,,,,,,,,,,,,,,,,,,,,,,,,,,,,,,,,,,,,,,,,,,,,,,,,,,,,,,,,,,,,,,,,,
(torch) __get__,python_fallback,26,,None,,,,4924847886,4924858928,11042,,,,,,,,,,,,,,,,,,,,,,,,,,,,,,,,,,,,,,,,,,,,,,,,,,,,,,,,,,,,,,,,,,,,,,,
(torch) contiguous,python_fallback,27,,None,,,,4924876485,4924884185,7700,,,,,,,,,,,,,,,,,,,,,,,,,,,,,,,,,,,,,,,,,,,,,,,,,,,,,,,,,,,,,,,,,,,,,,,
(torch) __get__,python_fallback,28,,None,,,,4924894689,4924901295,6606,,,,,,,,,,,,,,,,,,,,,,,,,,,,,,,,,,,,,,,,,,,,,,,,,,,,,,,,,,,,,,,,,,,,,,,
(torch) numel,python_fallback,29,,None,,,,4924910523,4924917215,6692,,,,,,,,,,,,,,,,,,,,,,,,,,,,,,,,,,,,,,,,,,,,,,,,,,,,,,,,,,,,,,,,,,,,,,,
(torch) data_ptr,python_fallback,30,,None,,,,4924925915,4924932305,6390,,,,,,,,,,,,,,,,,,,,,,,,,,,,,,,,,,,,,,,,,,,,,,,,,,,,,,,,,,,,,,,,,,,,,,,
(torch) __get__,python_fallback,31,,None,,,,4925447081,4925457799,10718,,,,,,,,,,,,,,,,,,,,,,,,,,,,,,,,,,,,,,,,,,,,,,,,,,,,,,,,,,,,,,,,,,,,,,,
(torch) contiguous,python_fallback,32,,None,,,,4925475699,4925484678,8979,,,,,,,,,,,,,,,,,,,,,,,,,,,,,,,,,,,,,,,,,,,,,,,,,,,,,,,,,,,,,,,,,,,,,,,
(torch) __get__,python_fallback,33,,None,,,,4925495750,4925504405,8655,,,,,,,,,,,,,,,,,,,,,,,,,,,,,,,,,,,,,,,,,,,,,,,,,,,,,,,,,,,,,,,,,,,,,,,
(torch) numel,python_fallback,34,,None,,,,4925514343,4925521813,7470,,,,,,,,,,,,,,,,,,,,,,,,,,,,,,,,,,,,,,,,,,,,,,,,,,,,,,,,,,,,,,,,,,,,,,,
(torch) data_ptr,python_fallback,35,,None,,,,4925530436,4925536988,6552,,,,,,,,,,,,,,,,,,,,,,,,,,,,,,,,,,,,,,,,,,,,,,,,,,,,,,,,,,,,,,,,,,,,,,,
(torch) __get__,python_fallback,36,,None,,,,4926195672,4926206553,10881,,,,,,,,,,,,,,,,,,,,,,,,,,,,,,,,,,,,,,,,,,,,,,,,,,,,,,,,,,,,,,,,,,,,,,,
(torch) contiguous,python_fallback,37,,None,,,,4926223979,4926231323,7344,,,,,,,,,,,,,,,,,,,,,,,,,,,,,,,,,,,,,,,,,,,,,,,,,,,,,,,,,,,,,,,,,,,,,,,
(torch) __get__,python_fallback,38,,None,,,,4926241505,4926248126,6621,,,,,,,,,,,,,,,,,,,,,,,,,,,,,,,,,,,,,,,,,,,,,,,,,,,,,,,,,,,,,,,,,,,,,,,
(torch) numel,python_fallback,39,,None,,,,4926257340,4926263841,6501,,,,,,,,,,,,,,,,,,,,,,,,,,,,,,,,,,,,,,,,,,,,,,,,,,,,,,,,,,,,,,,,,,,,,,,
(torch) data_ptr,python_fallback,40,,None,,,,4926272315,4926278642,6327,,,,,,,,,,,,,,,,,,,,,,,,,,,,,,,,,,,,,,,,,,,,,,,,,,,,,,,,,,,,,,,,,,,,,,,
(torch) __get__,python_fallback,41,,None,,,,4926972525,4926984478,11953,,,,,,,,,,,,,,,,,,,,,,,,,,,,,,,,,,,,,,,,,,,,,,,,,,,,,,,,,,,,,,,,,,,,,,,
(torch) contiguous,python_fallback,42,,None,,,,4927002109,4927009396,7287,,,,,,,,,,,,,,,,,,,,,,,,,,,,,,,,,,,,,,,,,,,,,,,,,,,,,,,,,,,,,,,,,,,,,,,
(torch) __get__,python_fallback,43,,None,,,,4927019991,4927026739,6748,,,,,,,,,,,,,,,,,,,,,,,,,,,,,,,,,,,,,,,,,,,,,,,,,,,,,,,,,,,,,,,,,,,,,,,
(torch) numel,python_fallback,44,,None,,,,4927036462,4927042977,6515,,,,,,,,,,,,,,,,,,,,,,,,,,,,,,,,,,,,,,,,,,,,,,,,,,,,,,,,,,,,,,,,,,,,,,,
(torch) data_ptr,python_fallback,45,,None,,,,4927051998,4927058734,6736,,,,,,,,,,,,,,,,,,,,,,,,,,,,,,,,,,,,,,,,,,,,,,,,,,,,,,,,,,,,,,,,,,,,,,,
(torch) __get__,python_fallback,46,,None,,,,4928308754,4928318439,9685,,,,,,,,,,,,,,,,,,,,,,,,,,,,,,,,,,,,,,,,,,,,,,,,,,,,,,,,,,,,,,,,,,,,,,,
(torch) contiguous,python_fallback,47,,None,,,,4928332947,4928338778,5831,,,,,,,,,,,,,,,,,,,,,,,,,,,,,,,,,,,,,,,,,,,,,,,,,,,,,,,,,,,,,,,,,,,,,,,
(torch) __get__,python_fallback,48,,None,,,,4928346829,4928351909,5080,,,,,,,,,,,,,,,,,,,,,,,,,,,,,,,,,,,,,,,,,,,,,,,,,,,,,,,,,,,,,,,,,,,,,,,
(torch) numel,python_fallback,49,,None,,,,4928359072,4928364021,4949,,,,,,,,,,,,,,,,,,,,,,,,,,,,,,,,,,,,,,,,,,,,,,,,,,,,,,,,,,,,,,,,,,,,,,,
(torch) data_ptr,python_fallback,50,,None,,,,4928370702,4928375491,4789,,,,,,,,,,,,,,,,,,,,,,,,,,,,,,,,,,,,,,,,,,,,,,,,,,,,,,,,,,,,,,,,,,,,,,,
(torch) __get__,python_fallback,51,,None,,,,4929086694,4929099155,12461,,,,,,,,,,,,,,,,,,,,,,,,,,,,,,,,,,,,,,,,,,,,,,,,,,,,,,,,,,,,,,,,,,,,,,,
(torch) contiguous,python_fallback,52,,None,,,,4929117316,4929133371,16055,,,,,,,,,,,,,,,,,,,,,,,,,,,,,,,,,,,,,,,,,,,,,,,,,,,,,,,,,,,,,,,,,,,,,,,
(torch) __get__,python_fallback,53,,None,,,,4929142590,4929148742,6152,,,,,,,,,,,,,,,,,,,,,,,,,,,,,,,,,,,,,,,,,,,,,,,,,,,,,,,,,,,,,,,,,,,,,,,
(torch) numel,python_fallback,54,,None,,,,4929158044,4929163277,5233,,,,,,,,,,,,,,,,,,,,,,,,,,,,,,,,,,,,,,,,,,,,,,,,,,,,,,,,,,,,,,,,,,,,,,,
(torch) data_ptr,python_fallback,55,,None,,,,4929169889,4929179623,9734,,,,,,,,,,,,,,,,,,,,,,,,,,,,,,,,,,,,,,,,,,,,,,,,,,,,,,,,,,,,,,,,,,,,,,,
(torch) __get__,python_fallback,56,,None,,,,4930567768,4930577201,9433,,,,,,,,,,,,,,,,,,,,,,,,,,,,,,,,,,,,,,,,,,,,,,,,,,,,,,,,,,,,,,,,,,,,,,,
(torch) contiguous,python_fallback,57,,None,,,,4930591307,4930597120,5813,,,,,,,,,,,,,,,,,,,,,,,,,,,,,,,,,,,,,,,,,,,,,,,,,,,,,,,,,,,,,,,,,,,,,,,
(torch) __get__,python_fallback,58,,None,,,,4930605169,4930610276,5107,,,,,,,,,,,,,,,,,,,,,,,,,,,,,,,,,,,,,,,,,,,,,,,,,,,,,,,,,,,,,,,,,,,,,,,
(torch) numel,python_fallback,59,,None,,,,4930617827,4930622652,4825,,,,,,,,,,,,,,,,,,,,,,,,,,,,,,,,,,,,,,,,,,,,,,,,,,,,,,,,,,,,,,,,,,,,,,,
(torch) data_ptr,python_fallback,60,,None,,,,4930629140,4930633770,4630,,,,,,,,,,,,,,,,,,,,,,,,,,,,,,,,,,,,,,,,,,,,,,,,,,,,,,,,,,,,,,,,,,,,,,,
InterleavedToShardedDeviceOperation,tt_dnn_device,61,0,{'output_mem_config': 'MemoryConfig(memory_layout=TensorMemoryLayout::HEIGHT_SHARDED;buffer_type=BufferType::L1;shard_spec=ShardSpec(grid={[(x=0;y=0) - (x=3;y=7)]};shape={512; 32};orientation=ShardOrientation::ROW_MAJOR;mode=ShardMode::PHYSICAL;physical_shard_shape=std::nullopt))'},,32,,4932223764,5235304359,303080595,1635045053456,1635045058309,0,4853,3966,2595,3887,3407,283,3966,3848,,,,,,,1,1,16384,32,TILE,BFLOAT8_B,DEV_0_L1_INTERLEAVED,,,,,,,,,,,,,,,,,,,,,,1,1,16384,32,TILE,BFLOAT8_B,DEV_0_L1_HEIGHT_SHARDED,,,[],[],['ttnn/cpp/ttnn/operations/data_movement/sharded/device/kernels/dataflow/reader_unary_sharded_blocks_interleaved_start_id.cpp'; 'ttnn/cpp/ttnn/operations/data_movement/sharded/device/kernels/dataflow/writer_unary_sharded.cpp'],['reader_unary_sharded_blocks_interleaved_start_id/9938451961617116742/'; 'writer_unary_sharded/4152704627781621048/'],368,772,0,0,0,0,1,1,1,[524288.0],[524288.0],302268347,16465
Matmul,tt_dnn_device,62,0,{'bcast_batch': '1'; 'compute_kernel_config': 'WormholeComputeKernelConfig(math_fidelity=LoFi;math_approx_mode=0;fp32_dest_acc_en=0;packer_l1_acc=1;dst_full_sync_en=0)'; 'global_cb': 'std::nullopt'; 'output_dtype': 'DataType::BFLOAT8_B'; 'output_mem_config': 'MemoryConfig(memory_layout=TensorMemoryLayout::HEIGHT_SHARDED;buffer_type=BufferType::L1;shard_spec=std::nullopt)'; 'output_tile': 'Tile(tile_shape={32; 32};face_shape={16; 16};num_faces=4)'; 'program_config': 'MatmulMultiCoreReuseMultiCast1DProgramConfig(compute_with_storage_grid_size=(x=4;y=8);in0_block_w=1;out_subblock_h=1;out_subblock_w=8;out_block_h=16;out_block_w=8;per_core_M=16;per_core_N=8;fuse_batch=1;fused_activation=std::nullopt;mcast_in0=0;gather_in0=0;hop_cores={};num_global_cb_receivers=1)'; 'transpose_a': 'false'; 'transpose_b': 'false'; 'untilize_out': 'false'; 'user_core_coord': 'std::nullopt'; 'user_fused_activation': 'std::nullopt'; 'user_run_batched': 'false'},LoFi,32,,5235613457,5800855138,565241681,1635602141243,1635602153909,557084321,12666,11379,10628,11371,11198,614,11379,680,11007,10885,11246,,,,1,1,16384,32,TILE,BFLOAT8_B,DEV_0_L1_HEIGHT_SHARDED,1,1,32,256,TILE,BFLOAT8_B,DEV_0_DRAM_INTERLEAVED,1,1,32,256,TILE,BFLOAT8_B,DEV_0_DRAM_INTERLEAVED,,,,,,,,1,1,16384,256,TILE,BFLOAT8_B,DEV_0_L1_HEIGHT_SHARDED,,,['ttnn/cpp/ttnn/operations/matmul/device/kernels/compute/bmm_large_block_zm_fused_bias_activation.cpp'],['bmm_large_block_zm_fused_bias_activation/15039328157947729316/'],['ttnn/cpp/ttnn/operations/matmul/device/kernels/dataflow/reader_bmm_tile_layout_in0_sender_padding.cpp'; 'ttnn/cpp/ttnn/operations/matmul/device/kernels/dataflow/reader_bmm_tile_layout_in1_sender_writer_padding.cpp'; 'ttnn/cpp/ttnn/operations/matmul/device/kernels/dataflow/reader_bmm_tile_layout_in1_receiver_writer_padding.cpp'],['reader_bmm_tile_layout_in0_sender_padding/11858009736594294850/'; 'reader_bmm_tile_layout_in1_sender_writer_padding/16385793513100370454/'; 'reader_bmm_tile_layout_in1_receiver_writer_padding/18429745201540213241/'],1540,460,1864,1448,3024,0,1024,1024,29,[512.0; 8.0],[4096.0],563524797,21273
ShardedToInterleavedDeviceOperation,tt_dnn_device,63,0,{'output_dtype': 'DataType::BFLOAT8_B'; 'output_mem_config': 'MemoryConfig(memory_layout=TensorMemoryLayout::INTERLEAVED;buffer_type=BufferType::L1;shard_spec=std::nullopt)'},,32,,5801070677,6117943135,316872458,1635914984088,1635915032277,312830982,48189,47361,41524,47285,44647,234,47361,241,,,,,,,1,1,16384,256,TILE,BFLOAT8_B,DEV_0_L1_HEIGHT_SHARDED,,,,,,,,,,,,,,,,,,,,,,1,1,16384,256,TILE,BFLOAT8_B,DEV_0_L1_INTERLEAVED,,,[],[],['ttnn/cpp/ttnn/operations/eltwise/unary/device/kernels/dataflow/reader_unary_sharded.cpp'; 'ttnn/cpp/ttnn/operations/data_movement/sharded/device/kernels/dataflow/writer_unary_sharded_blocks_interleaved_start_id.cpp'],['reader_unary_sharded/17490408115384435264/'; 'writer_unary_sharded_blocks_interleaved_start_id/13698581734838440681/'],760,396,0,0,0,0,1,1,1,[4194304.0],[4194304.0],315923144,18248
Untilize,tt_dnn_device,64,0,{'fp32_dest_acc_en': 'false'; 'output_mem_config': 'MemoryConfig(memory_layout=TensorMemoryLayout::INTERLEAVED;buffer_type=BufferType::L1;shard_spec=std::nullopt)'; 'sub_core_grids': 'std::nullopt'; 'use_multicore': 'true'; 'use_pack_untilize': 'true'},HiFi4,64,,6118180854,6595087325,476906471,1636385079828,1636385127259,470048186,47431,46813,29002,46597,36690,961,46297,29185,37180,37485,42514,,,,1,1,16384,256,TILE,BFLOAT8_B,DEV_0_L1_INTERLEAVED,,,,,,,,,,,,,,,,,,,,,,1,1,16384,256,ROW_MAJOR,BFLOAT16,DEV_0_L1_INTERLEAVED,,,['ttnn/cpp/ttnn/operations/data_movement/untilize/device/kernels/compute/pack_untilize.cpp'],['pack_untilize/6448237709053386941/'],['ttnn/cpp/ttnn/operations/eltwise/unary/device/kernels/dataflow/reader_unary_interleaved_start_id.cpp'; 'ttnn/cpp/ttnn/operations/data_movement/untilize/device/kernels/dataflow/writer_unary_stick_layout_split_rows_interleaved.cpp'],['reader_unary_interleaved_start_id/18267044797467787635/'; 'writer_unary_stick_layout_split_rows_interleaved/11027805035210510172/'],952,580,1100,876,2052,0,1,1,1,[4194304.0],[8388608.0],475160576,16750
InterleavedToShardedDeviceOperation,tt_dnn_device,65,0,{'output_mem_config': 'MemoryConfig(memory_layout=TensorMemoryLayout::HEIGHT_SHARDED;buffer_type=BufferType::L1;shard_spec=ShardSpec(grid={[(x=0;y=0) - (x=7;y=7)]};shape={256; 256};orientation=ShardOrientation::ROW_MAJOR;mode=ShardMode::PHYSICAL;physical_shard_shape=std::nullopt))'},,64,,6595607956,6909987906,314379950,1636695401817,1636695492429,310275361,90612,89718,58062,89698,77610,269,89718,89592,,,,,,,1,128,128,256,ROW_MAJOR,BFLOAT16,DEV_0_L1_INTERLEAVED,,,,,,,,,,,,,,,,,,,,,,1,128,128,256,ROW_MAJOR,BFLOAT16,DEV_0_L1_HEIGHT_SHARDED,,,[],[],['ttnn/cpp/ttnn/operations/data_movement/sharded/device/kernels/dataflow/reader_unary_stick_layout_sharded_blocks_interleaved_start_id.cpp'; 'ttnn/cpp/ttnn/operations/data_movement/sharded/device/kernels/dataflow/writer_unary_sharded.cpp'],['reader_unary_stick_layout_sharded_blocks_interleaved_start_id/8184304556234841728/'; 'writer_unary_sharded/3277270385965701132/'],368,1084,0,0,0,0,1,1,1,[8388608.0],[8388608.0],312801249,19860
UpSample,tt_dnn_device,66,0,{'compute_kernel_config_': 'WormholeComputeKernelConfig(math_fidelity=HiFi4;math_approx_mode=1;fp32_dest_acc_en=0;packer_l1_acc=0;dst_full_sync_en=0)'; 'mode_': 'bilinear'; 'output_mem_config_': 'MemoryConfig(memory_layout=TensorMemoryLayout::HEIGHT_SHARDED;buffer_type=BufferType::L1;shard_spec=ShardSpec(grid={[(x=0;y=0) - (x=7;y=7)]};shape={256; 256};orientation=ShardOrientation::ROW_MAJOR;mode=ShardMode::PHYSICAL;physical_shard_shape=std::nullopt))'; 'scale_factor_h_': '1'; 'scale_factor_w_': '1'},HiFi4,64,,6910262474,7746230182,835967708,1637519677099,1637519946924,824185379,269825,268974,267943,268865,268544,1790,267471,263274,268471,268952,266971,,,,1,128,128,256,ROW_MAJOR,BFLOAT16,DEV_0_L1_HEIGHT_SHARDED,,,,,,,,,,,,,,,,,,,,,,1,128,128,256,ROW_MAJOR,BFLOAT16,DEV_0_L1_HEIGHT_SHARDED,,,['ttnn/cpp/ttnn/operations/pool/upsample/device/kernels/compute/bilinear.cpp'],['bilinear/17684563481018434193/'],['ttnn/cpp/ttnn/operations/pool/upsample/device/kernels/dataflow/reader_bilinear_multi_core_sharded.cpp'; 'ttnn/cpp/ttnn/operations/pool/upsample/device/kernels/dataflow/reader_bilinear_multi_core_sharded.cpp'],['reader_bilinear_multi_core_sharded/8742737340175011985/'; 'reader_bilinear_multi_core_sharded/12816874048561758470/'],5916,5920,1488,988,2916,0,1,1,1,[8388608.0],[8388608.0],502618749,18387
HaloDeviceOperation,tt_dnn_device,67,0,{'config_': 'SlidingWindowConfig(batch_size=1; input_hw=(128;128); window_hw=(2;2); stride_hw=(1;1); pad_hw=(1;0); dilation_hw=(1;1); num_cores_nhw=64; num_cores_c=1; core_range_set_={[(x=0;y=0) - (x=7;y=7)]})'; 'is_out_tiled_': 'false'; 'max_out_nsticks_per_core_': '512'; 'output_memory_config_': 'MemoryConfig(memory_layout=TensorMemoryLayout::HEIGHT_SHARDED;buffer_type=BufferType::L1;shard_spec=ShardSpec(grid={[(x=0;y=0) - (x=7;y=7)]};shape={256; 256};orientation=ShardOrientation::ROW_MAJOR;mode=ShardMode::PHYSICAL;physical_shard_shape=std::nullopt))'; 'pad_val_': '0'; 'parallel_config_': 'ParallelConfig(grid={[(x=0;y=0) - (x=7;y=7)]}; shard_scheme=HEIGHT_SHARDED; shard_orientation=ROW_MAJOR)'; 'remote_read_': 'false'; 'reshard_num_cores_nhw_': '0'; 'transpose_mcast_': 'false'},,64,,6910720840,7242342168,331621328,1637022932218,1637022960420,-497013298,28202,26928,9307,26788,17720,368,5568,26745,,,,,,,1,1,16384,256,ROW_MAJOR,BFLOAT16,DEV_0_L1_HEIGHT_SHARDED,,,,,,,,,,,,,,,,,,,,,,1,1,32768,256,ROW_MAJOR,BFLOAT16,DEV_0_L1_HEIGHT_SHARDED,,,[],[],['ttnn/cpp/ttnn/operations/data_movement/untilize_with_halo_v2/device/kernels/dataflow/halo_gather.cpp'; 'ttnn/cpp/ttnn/operations/data_movement/untilize_with_halo_v2/device/kernels/dataflow/halo_gather.cpp'],['halo_gather/18193035497070966459/'; 'halo_gather/1092811365090693296/'],868,1084,0,0,0,0,1,1,1,[8388608.0],[16777216.0],324051636,286451
ShardedToInterleavedDeviceOperation,tt_dnn_device,68,0,{'output_dtype': 'DataType::BFLOAT16'; 'output_mem_config': 'MemoryConfig(memory_layout=TensorMemoryLayout::INTERLEAVED;buffer_type=BufferType::L1;shard_spec=std::nullopt)'},,64,,7746363788,8065007497,318643709,1637833781930,1637833858456,810822420,76526,75699,70882,75610,73648,226,75699,232,,,,,,,1,128,128,256,ROW_MAJOR,BFLOAT16,DEV_0_L1_HEIGHT_SHARDED,,,,,,,,,,,,,,,,,,,,,,1,128,128,256,ROW_MAJOR,BFLOAT16,DEV_0_L1_INTERLEAVED,,,[],[],['ttnn/cpp/ttnn/operations/eltwise/unary/device/kernels/dataflow/reader_unary_sharded.cpp'; 'ttnn/cpp/ttnn/operations/data_movement/sharded/device/kernels/dataflow/writer_unary_stick_layout_sharded_blocks_interleaved_start_id.cpp'],['reader_unary_sharded/17368245078194283122/'; 'writer_unary_stick_layout_sharded_blocks_interleaved_start_id/12312886734350717908/'],788,396,0,0,0,0,1,1,1,[8388608.0],[8388608.0],317772875,16454
MoveDeviceOperation,tt_dnn_device,69,0,{'move_op_parallelization_strategy': 'MoveOpParallelizationStrategy::MULTI_CORE'; 'output_mem_config': 'MemoryConfig(memory_layout=TensorMemoryLayout::INTERLEAVED;buffer_type=BufferType::L1;shard_spec=std::nullopt)'},,64,,8065152164,8375757344,310605180,1638139929119,1638140021573,306071491,92454,91646,87011,91574,89471,223,91646,91275,,,,,,,1,128,128,256,ROW_MAJOR,BFLOAT16,DEV_0_L1_INTERLEAVED,1,128,128,256,ROW_MAJOR,BFLOAT16,DEV_0_L1_INTERLEAVED,,,,,,,,,,,,,,,1,128,128,256,ROW_MAJOR,BFLOAT16,DEV_0_L1_INTERLEAVED,,,[],[],['ttnn/cpp/ttnn/deprecated/tt_dnn/kernels/dataflow/reader_unary_stick_layout_interleaved_start_id.cpp'; 'ttnn/cpp/ttnn/deprecated/tt_dnn/kernels/dataflow/writer_unary_stick_layout_interleaved_start_id.cpp'],['reader_unary_stick_layout_interleaved_start_id/3429493382364418668/'; 'writer_unary_stick_layout_interleaved_start_id/3902369359410567810/'],752,696,0,0,0,0,1,1,1,[8388608.0; 8388608.0],[8388608.0],309145015,20821
InterleavedToShardedDeviceOperation,tt_dnn_device,70,0,{'output_mem_config': 'MemoryConfig(memory_layout=TensorMemoryLayout::HEIGHT_SHARDED;buffer_type=BufferType::L1;shard_spec=ShardSpec(grid={[(x=0;y=0) - (x=3;y=7)]};shape={128; 64};orientation=ShardOrientation::ROW_MAJOR;mode=ShardMode::PHYSICAL;physical_shard_shape=std::nullopt))'},,32,,8376296315,8377822228,1525913,1638141989680,1638141992818,1968901,3138,2254,1280,2186,1834,259,2254,2129,,,,,,,1,1,4096,64,TILE,BFLOAT8_B,DEV_0_L1_INTERLEAVED,,,,,,,,,,,,,,,,,,,,,,1,1,4096,64,TILE,BFLOAT8_B,DEV_0_L1_HEIGHT_SHARDED,,,[],[],['ttnn/cpp/ttnn/operations/data_movement/sharded/device/kernels/dataflow/reader_unary_sharded_blocks_interleaved_start_id.cpp'; 'ttnn/cpp/ttnn/operations/data_movement/sharded/device/kernels/dataflow/writer_unary_sharded.cpp'],['reader_unary_sharded_blocks_interleaved_start_id/9938451961617116742/'; 'writer_unary_sharded/4152704627781621048/'],368,772,0,0,0,0,1,1,1,[262144.0],[262144.0],432963,13120
Matmul,tt_dnn_device,71,0,{'bcast_batch': '1'; 'compute_kernel_config': 'WormholeComputeKernelConfig(math_fidelity=LoFi;math_approx_mode=0;fp32_dest_acc_en=0;packer_l1_acc=1;dst_full_sync_en=0)'; 'global_cb': 'std::nullopt'; 'output_dtype': 'DataType::BFLOAT8_B'; 'output_mem_config': 'MemoryConfig(memory_layout=TensorMemoryLayout::HEIGHT_SHARDED;buffer_type=BufferType::L1;shard_spec=std::nullopt)'; 'output_tile': 'Tile(tile_shape={32; 32};face_shape={16; 16};num_faces=4)'; 'program_config': 'MatmulMultiCoreReuseMultiCast1DProgramConfig(compute_with_storage_grid_size=(x=4;y=8);in0_block_w=2;out_subblock_h=1;out_subblock_w=2;out_block_h=4;out_block_w=8;per_core_M=4;per_core_N=8;fuse_batch=1;fused_activation=std::nullopt;mcast_in0=0;gather_in0=0;hop_cores={};num_global_cb_receivers=1)'; 'transpose_a': 'false'; 'transpose_b': 'false'; 'untilize_out': 'false'; 'user_core_coord': 'std::nullopt'; 'user_fused_activation': 'std::nullopt'; 'user_run_batched': 'false'},LoFi,32,,8378066790,8960559159,582492369,1638716049373,1638716057115,574057917,7742,6474,5950,6465,6316,630,6474,707,6280,6154,6370,,,,1,1,4096,64,TILE,BFLOAT8_B,DEV_0_L1_HEIGHT_SHARDED,1,1,64,256,TILE,BFLOAT8_B,DEV_0_DRAM_INTERLEAVED,1,1,32,256,TILE,BFLOAT8_B,DEV_0_DRAM_INTERLEAVED,,,,,,,,1,1,4096,256,TILE,BFLOAT8_B,DEV_0_L1_HEIGHT_SHARDED,,,['ttnn/cpp/ttnn/operations/matmul/device/kernels/compute/bmm_large_block_zm_fused_bias_activation.cpp'],['bmm_large_block_zm_fused_bias_activation/9929089165809445696/'],['ttnn/cpp/ttnn/operations/matmul/device/kernels/dataflow/reader_bmm_tile_layout_in0_sender_padding.cpp'; 'ttnn/cpp/ttnn/operations/matmul/device/kernels/dataflow/reader_bmm_tile_layout_in1_sender_writer_padding.cpp'; 'ttnn/cpp/ttnn/operations/matmul/device/kernels/dataflow/reader_bmm_tile_layout_in1_receiver_writer_padding.cpp'],['reader_bmm_tile_layout_in0_sender_padding/1524699436723582253/'; 'reader_bmm_tile_layout_in1_sender_writer_padding/11067475875335783793/'; 'reader_bmm_tile_layout_in1_receiver_writer_padding/10488361094579599123/'],1728,460,1928,1880,2132,0,512,512,59,[512.0; 32.0],[2048.0],580739795,21400
ShardedToInterleavedDeviceOperation,tt_dnn_device,72,0,{'output_dtype': 'DataType::BFLOAT8_B'; 'output_mem_config': 'MemoryConfig(memory_layout=TensorMemoryLayout::INTERLEAVED;buffer_type=BufferType::L1;shard_spec=std::nullopt)'},,32,,8960799978,8962017884,1217906,1638717798310,1638717811908,1742006,13598,12753,10138,12725,11368,221,12753,231,,,,,,,1,1,4096,256,TILE,BFLOAT8_B,DEV_0_L1_HEIGHT_SHARDED,,,,,,,,,,,,,,,,,,,,,,1,1,4096,256,TILE,BFLOAT8_B,DEV_0_L1_INTERLEAVED,,,[],[],['ttnn/cpp/ttnn/operations/eltwise/unary/device/kernels/dataflow/reader_unary_sharded.cpp'; 'ttnn/cpp/ttnn/operations/data_movement/sharded/device/kernels/dataflow/writer_unary_sharded_blocks_interleaved_start_id.cpp'],['reader_unary_sharded/17490408115384435264/'; 'writer_unary_sharded_blocks_interleaved_start_id/13698581734838440681/'],760,396,0,0,0,0,1,1,1,[1048576.0],[1048576.0],267066,12576
Untilize,tt_dnn_device,73,0,{'fp32_dest_acc_en': 'false'; 'output_mem_config': 'MemoryConfig(memory_layout=TensorMemoryLayout::INTERLEAVED;buffer_type=BufferType::L1;shard_spec=std::nullopt)'; 'sub_core_grids': 'std::nullopt'; 'use_multicore': 'true'; 'use_pack_untilize': 'true'},HiFi4,64,,8962235515,9455539686,493304171,1639204018205,1639204035045,486206976,16840,16191,8697,16087,12295,826,15688,7473,7955,8235,8549,,,,1,1,4096,256,TILE,BFLOAT8_B,DEV_0_L1_INTERLEAVED,,,,,,,,,,,,,,,,,,,,,,1,1,4096,256,ROW_MAJOR,BFLOAT16,DEV_0_L1_INTERLEAVED,,,['ttnn/cpp/ttnn/operations/data_movement/untilize/device/kernels/compute/pack_untilize.cpp'],['pack_untilize/12466398766019298825/'],['ttnn/cpp/ttnn/operations/eltwise/unary/device/kernels/dataflow/reader_unary_interleaved_start_id.cpp'; 'ttnn/cpp/ttnn/operations/data_movement/untilize/device/kernels/dataflow/writer_unary_stick_layout_split_rows_interleaved.cpp'],['reader_unary_interleaved_start_id/18267044797467787635/'; 'writer_unary_stick_layout_split_rows_interleaved/11027805035210510172/'],952,580,1108,1124,2072,0,1,1,1,[1048576.0],[2097152.0],491415375,20717
InterleavedToShardedDeviceOperation,tt_dnn_device,74,0,{'output_mem_config': 'MemoryConfig(memory_layout=TensorMemoryLayout::HEIGHT_SHARDED;buffer_type=BufferType::L1;shard_spec=ShardSpec(grid={[(x=0;y=0) - (x=7;y=7)]};shape={64; 256};orientation=ShardOrientation::ROW_MAJOR;mode=ShardMode::PHYSICAL;physical_shard_shape=std::nullopt))'},,64,,9456079970,9457734067,1654097,1639206262258,1639206279033,2228010,16775,15885,14164,15819,15196,265,15885,15757,,,,,,,1,64,64,256,ROW_MAJOR,BFLOAT16,DEV_0_L1_INTERLEAVED,,,,,,,,,,,,,,,,,,,,,,1,64,64,256,ROW_MAJOR,BFLOAT16,DEV_0_L1_HEIGHT_SHARDED,,,[],[],['ttnn/cpp/ttnn/operations/data_movement/sharded/device/kernels/dataflow/reader_unary_stick_layout_sharded_blocks_interleaved_start_id.cpp'; 'ttnn/cpp/ttnn/operations/data_movement/sharded/device/kernels/dataflow/writer_unary_sharded.cpp'],['reader_unary_stick_layout_sharded_blocks_interleaved_start_id/8184304556234841728/'; 'writer_unary_sharded/3277270385965701132/'],368,1084,0,0,0,0,1,1,1,[2097152.0],[2097152.0],277879,10917
UpSample,tt_dnn_device,75,0,{'compute_kernel_config_': 'WormholeComputeKernelConfig(math_fidelity=HiFi4;math_approx_mode=1;fp32_dest_acc_en=0;packer_l1_acc=0;dst_full_sync_en=0)'; 'mode_': 'bilinear'; 'output_mem_config_': 'MemoryConfig(memory_layout=TensorMemoryLayout::HEIGHT_SHARDED;buffer_type=BufferType::L1;shard_spec=ShardSpec(grid={[(x=0;y=0) - (x=7;y=7)]};shape={64; 256};orientation=ShardOrientation::ROW_MAJOR;mode=ShardMode::PHYSICAL;physical_shard_shape=std::nullopt))'; 'scale_factor_h_': '2'; 'scale_factor_w_': '2'},HiFi4,64,,9457905073,10299373307,841468234,1640035745097,1640036029946,829466783,284849,283980,277465,283908,283414,1705,282477,278390,283505,283960,281955,,,,1,64,64,256,ROW_MAJOR,BFLOAT16,DEV_0_L1_HEIGHT_SHARDED,,,,,,,,,,,,,,,,,,,,,,1,128,128,256,ROW_MAJOR,BFLOAT16,DEV_0_L1_HEIGHT_SHARDED,,,['ttnn/cpp/ttnn/operations/pool/upsample/device/kernels/compute/bilinear.cpp'],['bilinear/1794823915236994469/'],['ttnn/cpp/ttnn/operations/pool/upsample/device/kernels/dataflow/reader_bilinear_multi_core_sharded.cpp'; 'ttnn/cpp/ttnn/operations/pool/upsample/device/kernels/dataflow/reader_bilinear_multi_core_sharded.cpp'],['reader_bilinear_multi_core_sharded/16416684018019515766/'; 'reader_bilinear_multi_core_sharded/2044057954726154599/'],5920,5924,1488,988,2916,0,1,1,1,[2097152.0],[8388608.0],506985494,18391
HaloDeviceOperation,tt_dnn_device,76,0,{'config_': 'SlidingWindowConfig(batch_size=1; input_hw=(64;64); window_hw=(2;2); stride_hw=(1;1); pad_hw=(1;0); dilation_hw=(1;1); num_cores_nhw=64; num_cores_c=1; core_range_set_={[(x=0;y=0) - (x=7;y=7)]})'; 'is_out_tiled_': 'false'; 'max_out_nsticks_per_core_': '192'; 'output_memory_config_': 'MemoryConfig(memory_layout=TensorMemoryLayout::HEIGHT_SHARDED;buffer_type=BufferType::L1;shard_spec=ShardSpec(grid={[(x=0;y=0) - (x=7;y=7)]};shape={64; 256};orientation=ShardOrientation::ROW_MAJOR;mode=ShardMode::PHYSICAL;physical_shard_shape=std::nullopt))'; 'pad_val_': '0'; 'parallel_config_': 'ParallelConfig(grid={[(x=0;y=0) - (x=7;y=7)]}; shard_scheme=HEIGHT_SHARDED; shard_orientation=ROW_MAJOR)'; 'remote_read_': 'false'; 'reshard_num_cores_nhw_': '0'; 'transpose_mcast_': 'false'},,64,,9458123321,9790853050,332729729,1639534467325,1639534483326,-501561212,16001,14733,5631,14578,9717,367,1968,14531,,,,,,,1,1,4096,256,ROW_MAJOR,BFLOAT16,DEV_0_L1_HEIGHT_SHARDED,,,,,,,,,,,,,,,,,,,,,,1,1,12288,256,ROW_MAJOR,BFLOAT16,DEV_0_L1_HEIGHT_SHARDED,,,[],[],['ttnn/cpp/ttnn/operations/data_movement/untilize_with_halo_v2/device/kernels/dataflow/halo_gather.cpp'; 'ttnn/cpp/ttnn/operations/data_movement/untilize_with_halo_v2/device/kernels/dataflow/halo_gather.cpp'],['halo_gather/13157573480428962770/'; 'halo_gather/10662122947979020947/'],868,1084,0,0,0,0,1,1,1,[2097152.0],[6291456.0],328871475,304098
ShardedToInterleavedDeviceOperation,tt_dnn_device,77,0,{'output_dtype': 'DataType::BFLOAT16'; 'output_mem_config': 'MemoryConfig(memory_layout=TensorMemoryLayout::INTERLEAVED;buffer_type=BufferType::L1;shard_spec=std::nullopt)'},,64,,10299518340,10300216819,698479,1640036795097,1640036872023,502312679,76926,76099,71065,76017,73904,233,76099,238,,,,,,,1,128,128,256,ROW_MAJOR,BFLOAT16,DEV_0_L1_HEIGHT_SHARDED,,,,,,,,,,,,,,,,,,,,,,1,128,128,256,ROW_MAJOR,BFLOAT16,DEV_0_L1_INTERLEAVED,,,[],[],['ttnn/cpp/ttnn/operations/eltwise/unary/device/kernels/dataflow/reader_unary_sharded.cpp'; 'ttnn/cpp/ttnn/operations/data_movement/sharded/device/kernels/dataflow/writer_unary_stick_layout_sharded_blocks_interleaved_start_id.cpp'],['reader_unary_sharded/17368245078194283122/'; 'writer_unary_stick_layout_sharded_blocks_interleaved_start_id/12312886734350717908/'],788,396,0,0,0,0,1,1,1,[8388608.0],[8388608.0],157709,5743
MoveDeviceOperation,tt_dnn_device,78,0,{'move_op_parallelization_strategy': 'MoveOpParallelizationStrategy::MULTI_CORE'; 'output_mem_config': 'MemoryConfig(memory_layout=TensorMemoryLayout::INTERLEAVED;buffer_type=BufferType::L1;shard_spec=std::nullopt)'},,64,,10300284528,10301093029,808501,1640037650169,1640037742757,778974,92588,91774,87047,91687,89991,244,91774,91403,,,,,,,1,128,128,256,ROW_MAJOR,BFLOAT16,DEV_0_L1_INTERLEAVED,1,128,128,256,ROW_MAJOR,BFLOAT16,DEV_0_L1_INTERLEAVED,,,,,,,,,,,,,,,1,128,128,256,ROW_MAJOR,BFLOAT16,DEV_0_L1_INTERLEAVED,,,[],[],['ttnn/cpp/ttnn/deprecated/tt_dnn/kernels/dataflow/reader_unary_stick_layout_interleaved_start_id.cpp'; 'ttnn/cpp/ttnn/deprecated/tt_dnn/kernels/dataflow/writer_unary_stick_layout_interleaved_start_id.cpp'],['reader_unary_stick_layout_interleaved_start_id/3429493382364418668/'; 'writer_unary_stick_layout_interleaved_start_id/3902369359410567810/'],752,696,0,0,0,0,1,1,1,[8388608.0; 8388608.0],[8388608.0],228396,8257
Matmul,tt_dnn_device,79,0,{'bcast_batch': '1'; 'compute_kernel_config': 'WormholeComputeKernelConfig(math_fidelity=LoFi;math_approx_mode=1;fp32_dest_acc_en=0;packer_l1_acc=0;dst_full_sync_en=0)'; 'global_cb': 'std::nullopt'; 'output_dtype': 'DataType::BFLOAT8_B'; 'output_mem_config': 'MemoryConfig(memory_layout=TensorMemoryLayout::INTERLEAVED;buffer_type=BufferType::L1;shard_spec=std::nullopt)'; 'output_tile': 'Tile(tile_shape={32; 32};face_shape={16; 16};num_faces=4)'; 'program_config': 'std::nullopt'; 'transpose_a': 'false'; 'transpose_b': 'false'; 'untilize_out': 'false'; 'user_core_coord': '(x=8;y=8)'; 'user_fused_activation': 'std::nullopt'; 'user_run_batched': 'false'},LoFi,64,,10301350148,10900436806,599086658,1640627893345,1640627902291,590153018,8946,6506,5269,6467,5987,676,6494,4359,5230,4863,5321,,,,1,1,1024,160,TILE,BFLOAT8_B,DEV_0_L1_INTERLEAVED,1,1,160,256,TILE,BFLOAT8_B,DEV_0_DRAM_INTERLEAVED,1,1,32,256,TILE,BFLOAT8_B,DEV_0_DRAM_INTERLEAVED,,,,,,,,1,1,1024,256,TILE,BFLOAT8_B,DEV_0_L1_INTERLEAVED,,,['ttnn/cpp/ttnn/operations/matmul/device/kernels/compute/bmm_large_block_zm_fused_bias_activation.cpp'],['bmm_large_block_zm_fused_bias_activation/16722216052293940847/'],['ttnn/cpp/ttnn/operations/matmul/device/kernels/dataflow/reader_bmm_tile_layout_in0_sender_padding.cpp'; 'ttnn/cpp/ttnn/operations/matmul/device/kernels/dataflow/reader_bmm_tile_layout_in1_sender_writer_padding.cpp'; 'ttnn/cpp/ttnn/operations/matmul/device/kernels/dataflow/reader_bmm_tile_layout_in1_receiver_writer_padding.cpp'; 'ttnn/cpp/ttnn/operations/matmul/device/kernels/dataflow/reader_bmm_tile_layout_in0_receiver.cpp'; 'ttnn/cpp/ttnn/operations/matmul/device/kernels/dataflow/reader_bmm_tile_layout_in1_receiver_writer_padding.cpp'; 'ttnn/cpp/ttnn/operations/matmul/device/kernels/dataflow/reader_bmm_tile_layout_in0_receiver.cpp'],['reader_bmm_tile_layout_in0_sender_padding/16812917999682144766/'; 'reader_bmm_tile_layout_in1_sender_writer_padding/17101951387395657677/'; 'reader_bmm_tile_layout_in1_receiver_writer_padding/7290796039640819337/'; 'reader_bmm_tile_layout_in0_receiver/5399551430164682161/'; 'reader_bmm_tile_layout_in1_receiver_writer_padding/7587351309397901561/'; 'reader_bmm_tile_layout_in0_receiver/373802837888297554/'],2192,996,2424,1760,2988,0,320,320,147,[512.0; 128.0],[819.2000122070312],597057657,31137
Untilize,tt_dnn_device,80,0,{'fp32_dest_acc_en': 'false'; 'output_mem_config': 'MemoryConfig(memory_layout=TensorMemoryLayout::INTERLEAVED;buffer_type=BufferType::L1;shard_spec=std::nullopt)'; 'sub_core_grids': 'std::nullopt'; 'use_multicore': 'true'; 'use_pack_untilize': 'true'},HiFi4,32,,10900713784,11380769512,480055728,1641101369779,1641101377836,473468124,8057,7438,5860,7333,6630,804,6929,3175,3697,3998,4289,,,,1,1,1024,256,TILE,BFLOAT8_B,DEV_0_L1_INTERLEAVED,,,,,,,,,,,,,,,,,,,,,,1,1,1024,256,ROW_MAJOR,BFLOAT16,DEV_0_L1_INTERLEAVED,,,['ttnn/cpp/ttnn/operations/data_movement/untilize/device/kernels/compute/pack_untilize.cpp'],['pack_untilize/2941970476619737501/'],['ttnn/cpp/ttnn/operations/eltwise/unary/device/kernels/dataflow/reader_unary_interleaved_start_id.cpp'; 'ttnn/cpp/ttnn/operations/data_movement/untilize/device/kernels/dataflow/writer_unary_stick_layout_split_rows_interleaved.cpp'],['reader_unary_interleaved_start_id/18267044797467787635/'; 'writer_unary_stick_layout_split_rows_interleaved/11027805035210510172/'],952,580,1056,856,1896,0,1,1,1,[262144.0],[524288.0],478809802,19055
InterleavedToShardedDeviceOperation,tt_dnn_device,81,0,{'output_mem_config': 'MemoryConfig(memory_layout=TensorMemoryLayout::HEIGHT_SHARDED;buffer_type=BufferType::L1;shard_spec=ShardSpec(grid={[(x=0;y=0) - (x=7;y=3)]};shape={32; 256};orientation=ShardOrientation::ROW_MAJOR;mode=ShardMode::PHYSICAL;physical_shard_shape=std::nullopt))'},,32,,11381302257,11382711707,1409450,1641103321141,1641103324726,1944108,3585,2689,2327,2623,2494,241,2689,2561,,,,,,,1,32,32,256,ROW_MAJOR,BFLOAT16,DEV_0_L1_INTERLEAVED,,,,,,,,,,,,,,,,,,,,,,1,32,32,256,ROW_MAJOR,BFLOAT16,DEV_0_L1_HEIGHT_SHARDED,,,[],[],['ttnn/cpp/ttnn/operations/data_movement/sharded/device/kernels/dataflow/reader_unary_stick_layout_sharded_blocks_interleaved_start_id.cpp'; 'ttnn/cpp/ttnn/operations/data_movement/sharded/device/kernels/dataflow/writer_unary_sharded.cpp'],['reader_unary_stick_layout_sharded_blocks_interleaved_start_id/8184304556234841728/'; 'writer_unary_sharded/3277270385965701132/'],368,1084,0,0,0,0,1,1,1,[524288.0],[524288.0],316638,13982
UpSample,tt_dnn_device,82,0,{'compute_kernel_config_': 'WormholeComputeKernelConfig(math_fidelity=HiFi4;math_approx_mode=1;fp32_dest_acc_en=0;packer_l1_acc=0;dst_full_sync_en=0)'; 'mode_': 'bilinear'; 'output_mem_config_': 'MemoryConfig(memory_layout=TensorMemoryLayout::HEIGHT_SHARDED;buffer_type=BufferType::L1;shard_spec=ShardSpec(grid={[(x=0;y=0) - (x=7;y=3)]};shape={32; 256};orientation=ShardOrientation::ROW_MAJOR;mode=ShardMode::PHYSICAL;physical_shard_shape=std::nullopt))'; 'scale_factor_h_': '4'; 'scale_factor_w_': '4'},HiFi4,32,,11382908221,12231911742,849003521,1641940111236,1641940676925,836787211,565689,564835,554007,564776,564197,1681,563315,559208,564328,564822,562802,,,,1,32,32,256,ROW_MAJOR,BFLOAT16,DEV_0_L1_HEIGHT_SHARDED,,,,,,,,,,,,,,,,,,,,,,1,128,128,256,ROW_MAJOR,BFLOAT16,DEV_0_L1_HEIGHT_SHARDED,,,['ttnn/cpp/ttnn/operations/pool/upsample/device/kernels/compute/bilinear.cpp'],['bilinear/9124880857580856341/'],['ttnn/cpp/ttnn/operations/pool/upsample/device/kernels/dataflow/reader_bilinear_multi_core_sharded.cpp'; 'ttnn/cpp/ttnn/operations/pool/upsample/device/kernels/dataflow/reader_bilinear_multi_core_sharded.cpp'],['reader_bilinear_multi_core_sharded/15551150189928019438/'; 'reader_bilinear_multi_core_sharded/5293234800969863078/'],5932,5936,1488,988,2916,0,1,1,1,[524288.0],[8388608.0],514217077,20943
HaloDeviceOperation,tt_dnn_device,83,0,{'config_': 'SlidingWindowConfig(batch_size=1; input_hw=(32;32); window_hw=(2;2); stride_hw=(1;1); pad_hw=(1;0); dilation_hw=(1;1); num_cores_nhw=32; num_cores_c=1; core_range_set_={[(x=0;y=0) - (x=7;y=3)]})'; 'is_out_tiled_': 'false'; 'max_out_nsticks_per_core_': '96'; 'output_memory_config_': 'MemoryConfig(memory_layout=TensorMemoryLayout::HEIGHT_SHARDED;buffer_type=BufferType::L1;shard_spec=ShardSpec(grid={[(x=0;y=0) - (x=7;y=3)]};shape={32; 256};orientation=ShardOrientation::ROW_MAJOR;mode=ShardMode::PHYSICAL;physical_shard_shape=std::nullopt))'; 'pad_val_': '0'; 'parallel_config_': 'ParallelConfig(grid={[(x=0;y=0) - (x=7;y=3)]}; shard_scheme=HEIGHT_SHARDED; shard_orientation=ROW_MAJOR)'; 'remote_read_': 'false'; 'reshard_num_cores_nhw_': '0'; 'transpose_mcast_': 'false'},,32,,11383079505,11716163160,333083655,1641431924718,1641431934028,-508750795,9310,8042,3756,7961,5806,310,1112,7847,,,,,,,1,1,1024,256,ROW_MAJOR,BFLOAT16,DEV_0_L1_HEIGHT_SHARDED,,,,,,,,,,,,,,,,,,,,,,1,1,3072,256,ROW_MAJOR,BFLOAT16,DEV_0_L1_HEIGHT_SHARDED,,,[],[],['ttnn/cpp/ttnn/operations/data_movement/untilize_with_halo_v2/device/kernels/dataflow/halo_gather.cpp'; 'ttnn/cpp/ttnn/operations/data_movement/untilize_with_halo_v2/device/kernels/dataflow/halo_gather.cpp'],['halo_gather/14384925980726659782/'; 'halo_gather/16389333375539134930/'],868,1084,0,0,0,0,1,1,1,[524288.0],[1572864.0],331071778,219831
ShardedToInterleavedDeviceOperation,tt_dnn_device,84,0,{'output_dtype': 'DataType::BFLOAT16'; 'output_mem_config': 'MemoryConfig(memory_layout=TensorMemoryLayout::INTERLEAVED;buffer_type=BufferType::L1;shard_spec=std::nullopt)'},,32,,12232061236,12233202445,1141209,1641941509444,1641941651011,509576324,141567,140747,137641,140649,139574,157,140747,162,,,,,,,1,128,128,256,ROW_MAJOR,BFLOAT16,DEV_0_L1_HEIGHT_SHARDED,,,,,,,,,,,,,,,,,,,,,,1,128,128,256,ROW_MAJOR,BFLOAT16,DEV_0_L1_INTERLEAVED,,,[],[],['ttnn/cpp/ttnn/operations/eltwise/unary/device/kernels/dataflow/reader_unary_sharded.cpp'; 'ttnn/cpp/ttnn/operations/data_movement/sharded/device/kernels/dataflow/writer_unary_stick_layout_sharded_blocks_interleaved_start_id.cpp'],['reader_unary_sharded/17368245078194283122/'; 'writer_unary_stick_layout_sharded_blocks_interleaved_start_id/12312886734350717908/'],788,396,0,0,0,0,1,1,1,[8388608.0],[8388608.0],323438,12473
MoveDeviceOperation,tt_dnn_device,85,0,{'move_op_parallelization_strategy': 'MoveOpParallelizationStrategy::MULTI_CORE'; 'output_mem_config': 'MemoryConfig(memory_layout=TensorMemoryLayout::INTERLEAVED;buffer_type=BufferType::L1;shard_spec=std::nullopt)'},,64,,12233335653,12234770650,1434997,1641943259743,1641943352040,1609553,92297,91483,86817,91396,89682,231,91483,91103,,,,,,,1,128,128,256,ROW_MAJOR,BFLOAT16,DEV_0_L1_INTERLEAVED,1,128,128,256,ROW_MAJOR,BFLOAT16,DEV_0_L1_INTERLEAVED,,,,,,,,,,,,,,,1,128,128,256,ROW_MAJOR,BFLOAT16,DEV_0_L1_INTERLEAVED,,,[],[],['ttnn/cpp/ttnn/deprecated/tt_dnn/kernels/dataflow/reader_unary_stick_layout_interleaved_start_id.cpp'; 'ttnn/cpp/ttnn/deprecated/tt_dnn/kernels/dataflow/writer_unary_stick_layout_interleaved_start_id.cpp'],['reader_unary_stick_layout_interleaved_start_id/3429493382364418668/'; 'writer_unary_stick_layout_interleaved_start_id/3902369359410567810/'],752,696,0,0,0,0,1,1,1,[8388608.0; 8388608.0],[8388608.0],308438,11253
InterleavedToShardedDeviceOperation,tt_dnn_device,86,0,{'output_mem_config': 'MemoryConfig(memory_layout=TensorMemoryLayout::BLOCK_SHARDED;buffer_type=BufferType::L1;shard_spec=ShardSpec(grid={[(x=0;y=0) - (x=3;y=7)]};shape={32; 64};orientation=ShardOrientation::ROW_MAJOR;mode=ShardMode::PHYSICAL;physical_shard_shape=std::nullopt))'},,32,,12235234894,12236570633,1335739,1641944807558,1641944809329,1456320,1771,882,489,843,667,294,882,757,,,,,,,1,1,256,256,TILE,BFLOAT8_B,DEV_0_L1_INTERLEAVED,,,,,,,,,,,,,,,,,,,,,,1,1,256,256,TILE,BFLOAT8_B,DEV_0_L1_BLOCK_SHARDED,,,[],[],['ttnn/cpp/ttnn/operations/data_movement/sharded/device/kernels/dataflow/reader_unary_sharded_blocks_interleaved_start_id.cpp'; 'ttnn/cpp/ttnn/operations/data_movement/sharded/device/kernels/dataflow/writer_unary_sharded.cpp'],['reader_unary_sharded_blocks_interleaved_start_id/9938451961617116742/'; 'writer_unary_sharded/4152704627781621048/'],368,772,0,0,0,0,1,1,1,[65536.0],[65536.0],302009,11120
Matmul,tt_dnn_device,87,0,{'bcast_batch': '1'; 'compute_kernel_config': 'WormholeComputeKernelConfig(math_fidelity=LoFi;math_approx_mode=0;fp32_dest_acc_en=0;packer_l1_acc=1;dst_full_sync_en=0)'; 'global_cb': 'std::nullopt'; 'output_dtype': 'DataType::BFLOAT8_B'; 'output_mem_config': 'MemoryConfig(memory_layout=TensorMemoryLayout::BLOCK_SHARDED;buffer_type=BufferType::L1;shard_spec=std::nullopt)'; 'output_tile': 'Tile(tile_shape={32; 32};face_shape={16; 16};num_faces=4)'; 'program_config': 'MatmulMultiCoreReuseMultiCastProgramConfig(compute_with_storage_grid_size=(x=4;y=8);in0_block_w=1;out_subblock_h=1;out_subblock_w=1;out_block_h=1;out_block_w=2;per_core_M=1;per_core_N=2;transpose_mcast=0;fused_activation=std::nullopt;fuse_batch=1)'; 'transpose_a': 'false'; 'transpose_b': 'false'; 'untilize_out': 'false'; 'user_core_coord': 'std::nullopt'; 'user_fused_activation': 'std::nullopt'; 'user_run_batched': 'false'},LoFi,32,,12236803133,12810310014,573506881,1642509974847,1642509982608,565166574,7761,6791,6138,6724,6549,674,6769,5112,6644,5980,6659,,,,1,1,256,256,TILE,BFLOAT8_B,DEV_0_L1_BLOCK_SHARDED,1,1,256,256,TILE,BFLOAT8_B,DEV_0_DRAM_INTERLEAVED,1,1,32,256,TILE,BFLOAT8_B,DEV_0_DRAM_INTERLEAVED,,,,,,,,1,1,256,256,TILE,BFLOAT8_B,DEV_0_L1_BLOCK_SHARDED,,,['ttnn/cpp/ttnn/operations/matmul/device/kernels/compute/bmm_large_block_zm_fused_bias_activation.cpp'],['bmm_large_block_zm_fused_bias_activation/15089135468199394763/'],['ttnn/cpp/ttnn/operations/matmul/device/kernels/dataflow/reader_bmm_tile_layout_in0_sender_receiver_padding_block_sharded.cpp'; 'ttnn/cpp/ttnn/operations/matmul/device/kernels/dataflow/reader_bmm_tile_layout_in1_sender_writer_padding.cpp'; 'ttnn/cpp/ttnn/operations/matmul/device/kernels/dataflow/reader_bmm_tile_layout_in1_receiver_writer_padding.cpp'],['reader_bmm_tile_layout_in0_sender_receiver_padding_block_sharded/17624773177010698595/'; 'reader_bmm_tile_layout_in1_sender_writer_padding/1293788450992932784/'; 'reader_bmm_tile_layout_in1_receiver_writer_padding/6016058101159416452/'],1520,1084,2016,1200,2920,0,128,236,236,[277.6949157714844; 277.6949157714844],[277.6949157714844],571789813,20540
ShardedToInterleavedDeviceOperation,tt_dnn_device,88,0,{'output_dtype': 'DataType::BFLOAT8_B'; 'output_mem_config': 'MemoryConfig(memory_layout=TensorMemoryLayout::INTERLEAVED;buffer_type=BufferType::L1;shard_spec=std::nullopt)'},,32,,12810533900,12811987190,1453290,1642511832856,1642511834755,1851064,1899,1078,630,990,834,238,1078,245,,,,,,,1,1,256,256,TILE,BFLOAT8_B,DEV_0_L1_BLOCK_SHARDED,,,,,,,,,,,,,,,,,,,,,,1,1,256,256,TILE,BFLOAT8_B,DEV_0_L1_INTERLEAVED,,,[],[],['ttnn/cpp/ttnn/operations/eltwise/unary/device/kernels/dataflow/reader_unary_sharded.cpp'; 'ttnn/cpp/ttnn/operations/data_movement/sharded/device/kernels/dataflow/writer_unary_sharded_blocks_interleaved_start_id.cpp'],['reader_unary_sharded/17490408115384435264/'; 'writer_unary_sharded_blocks_interleaved_start_id/13698581734838440681/'],760,396,0,0,0,0,1,1,1,[65536.0],[65536.0],328288,13183
Untilize,tt_dnn_device,89,0,{'fp32_dest_acc_en': 'false'; 'output_mem_config': 'MemoryConfig(memory_layout=TensorMemoryLayout::INTERLEAVED;buffer_type=BufferType::L1;shard_spec=std::nullopt)'; 'sub_core_grids': 'std::nullopt'; 'use_multicore': 'true'; 'use_pack_untilize': 'true'},HiFi4,8,,12812205211,12813032573,827362,1642513065358,1642513071872,1231237,6514,5893,5588,5830,5762,779,5373,2801,3336,3632,3924,,,,1,1,256,256,TILE,BFLOAT8_B,DEV_0_L1_INTERLEAVED,,,,,,,,,,,,,,,,,,,,,,1,1,256,256,ROW_MAJOR,BFLOAT16,DEV_0_L1_INTERLEAVED,,,['ttnn/cpp/ttnn/operations/data_movement/untilize/device/kernels/compute/pack_untilize.cpp'],['pack_untilize/2941970476619737501/'],['ttnn/cpp/ttnn/operations/eltwise/unary/device/kernels/dataflow/reader_unary_interleaved_start_id.cpp'; 'ttnn/cpp/ttnn/operations/data_movement/untilize/device/kernels/dataflow/writer_unary_stick_layout_split_rows_interleaved.cpp'],['reader_unary_interleaved_start_id/18267044797467787635/'; 'writer_unary_stick_layout_split_rows_interleaved/11027805035210510172/'],952,580,1056,856,1896,0,1,1,1,[65536.0],[131072.0],247981,5725
InterleavedToShardedDeviceOperation,tt_dnn_device,90,0,{'output_mem_config': 'MemoryConfig(memory_layout=TensorMemoryLayout::HEIGHT_SHARDED;buffer_type=BufferType::L1;shard_spec=ShardSpec(grid={[(x=0;y=0) - (x=7;y=1)]};shape={16; 256};orientation=ShardOrientation::ROW_MAJOR;mode=ShardMode::PHYSICAL;physical_shard_shape=std::nullopt))'},,16,,12813286569,12813997454,710885,1642513995796,1642513998096,924721,2300,1409,1253,1340,1304,203,1409,1281,,,,,,,1,16,16,256,ROW_MAJOR,BFLOAT16,DEV_0_L1_INTERLEAVED,,,,,,,,,,,,,,,,,,,,,,1,16,16,256,ROW_MAJOR,BFLOAT16,DEV_0_L1_HEIGHT_SHARDED,,,[],[],['ttnn/cpp/ttnn/operations/data_movement/sharded/device/kernels/dataflow/reader_unary_stick_layout_sharded_blocks_interleaved_start_id.cpp'; 'ttnn/cpp/ttnn/operations/data_movement/sharded/device/kernels/dataflow/writer_unary_sharded.cpp'],['reader_unary_stick_layout_sharded_blocks_interleaved_start_id/8184304556234841728/'; 'writer_unary_sharded/3277270385965701132/'],368,1084,0,0,0,0,1,1,1,[131072.0],[131072.0],299614,7460
UpSample,tt_dnn_device,91,0,{'compute_kernel_config_': 'WormholeComputeKernelConfig(math_fidelity=HiFi4;math_approx_mode=1;fp32_dest_acc_en=0;packer_l1_acc=0;dst_full_sync_en=0)'; 'mode_': 'bilinear'; 'output_mem_config_': 'MemoryConfig(memory_layout=TensorMemoryLayout::HEIGHT_SHARDED;buffer_type=BufferType::L1;shard_spec=ShardSpec(grid={[(x=0;y=0) - (x=7;y=1)]};shape={16; 256};orientation=ShardOrientation::ROW_MAJOR;mode=ShardMode::PHYSICAL;physical_shard_shape=std::nullopt))'; 'scale_factor_h_': '8'; 'scale_factor_w_': '8'},HiFi4,16,,12814107915,13672433385,858325470,1643359728141,1643360853233,845730758,1125092,1124227,1104369,1124198,1122567,1631,1122707,1118586,1123738,1124214,1122167,,,,1,16,16,256,ROW_MAJOR,BFLOAT16,DEV_0_L1_HEIGHT_SHARDED,,,,,,,,,,,,,,,,,,,,,,1,128,128,256,ROW_MAJOR,BFLOAT16,DEV_0_L1_HEIGHT_SHARDED,,,['ttnn/cpp/ttnn/operations/pool/upsample/device/kernels/compute/bilinear.cpp'],['bilinear/212580562745791722/'],['ttnn/cpp/ttnn/operations/pool/upsample/device/kernels/dataflow/reader_bilinear_multi_core_sharded.cpp'; 'ttnn/cpp/ttnn/operations/pool/upsample/device/kernels/dataflow/reader_bilinear_multi_core_sharded.cpp'],['reader_bilinear_multi_core_sharded/12165278772531456516/'; 'reader_bilinear_multi_core_sharded/3952091028828369450/'],5932,5936,1488,988,2916,0,1,1,1,[131072.0],[8388608.0],526643617,21927
HaloDeviceOperation,tt_dnn_device,92,0,{'config_': 'SlidingWindowConfig(batch_size=1; input_hw=(16;16); window_hw=(2;2); stride_hw=(1;1); pad_hw=(1;0); dilation_hw=(1;1); num_cores_nhw=16; num_cores_c=1; core_range_set_={[(x=0;y=0) - (x=7;y=1)]})'; 'is_out_tiled_': 'false'; 'max_out_nsticks_per_core_': '48'; 'output_memory_config_': 'MemoryConfig(memory_layout=TensorMemoryLayout::HEIGHT_SHARDED;buffer_type=BufferType::L1;shard_spec=ShardSpec(grid={[(x=0;y=0) - (x=7;y=1)]};shape={16; 256};orientation=ShardOrientation::ROW_MAJOR;mode=ShardMode::PHYSICAL;physical_shard_shape=std::nullopt))'; 'pad_val_': '0'; 'parallel_config_': 'ParallelConfig(grid={[(x=0;y=0) - (x=7;y=1)]}; shard_scheme=HEIGHT_SHARDED; shard_orientation=ROW_MAJOR)'; 'remote_read_': 'false'; 'reshard_num_cores_nhw_': '0'; 'transpose_mcast_': 'false'},,16,,12814184198,13144547684,330363486,1642839532865,1642839539107,-521318958,6242,4975,2632,4896,3652,309,747,4771,,,,,,,1,1,256,256,ROW_MAJOR,BFLOAT16,DEV_0_L1_HEIGHT_SHARDED,,,,,,,,,,,,,,,,,,,,,,1,1,768,256,ROW_MAJOR,BFLOAT16,DEV_0_L1_HEIGHT_SHARDED,,,[],[],['ttnn/cpp/ttnn/operations/data_movement/untilize_with_halo_v2/device/kernels/dataflow/halo_gather.cpp'; 'ttnn/cpp/ttnn/operations/data_movement/untilize_with_halo_v2/device/kernels/dataflow/halo_gather.cpp'],['halo_gather/1787033341543585190/'; 'halo_gather/10586910182711018416/'],868,1084,0,0,0,0,1,1,1,[131072.0],[393216.0],329271101,98332
ShardedToInterleavedDeviceOperation,tt_dnn_device,93,0,{'output_dtype': 'DataType::BFLOAT16'; 'output_mem_config': 'MemoryConfig(memory_layout=TensorMemoryLayout::INTERLEAVED;buffer_type=BufferType::L1;shard_spec=std::nullopt)'},,16,,13672643101,13673758157,1115056,1643361172304,1643361448735,521634106,276431,275604,272609,275537,274405,160,275604,165,,,,,,,1,128,128,256,ROW_MAJOR,BFLOAT16,DEV_0_L1_HEIGHT_SHARDED,,,,,,,,,,,,,,,,,,,,,,1,128,128,256,ROW_MAJOR,BFLOAT16,DEV_0_L1_INTERLEAVED,,,[],[],['ttnn/cpp/ttnn/operations/eltwise/unary/device/kernels/dataflow/reader_unary_sharded.cpp'; 'ttnn/cpp/ttnn/operations/data_movement/sharded/device/kernels/dataflow/writer_unary_stick_layout_sharded_blocks_interleaved_start_id.cpp'],['reader_unary_sharded/17368245078194283122/'; 'writer_unary_stick_layout_sharded_blocks_interleaved_start_id/12312886734350717908/'],788,396,0,0,0,0,1,1,1,[8388608.0],[8388608.0],318302,14395
MoveDeviceOperation,tt_dnn_device,94,0,{'move_op_parallelization_strategy': 'MoveOpParallelizationStrategy::MULTI_CORE'; 'output_mem_config': 'MemoryConfig(memory_layout=TensorMemoryLayout::INTERLEAVED;buffer_type=BufferType::L1;shard_spec=std::nullopt)'},,64,,13673894585,13675204386,1309801,1643362814432,1643362906853,1366530,92421,91610,87403,91464,89810,228,91610,91232,,,,,,,1,128,128,256,ROW_MAJOR,BFLOAT16,DEV_0_L1_INTERLEAVED,1,128,128,256,ROW_MAJOR,BFLOAT16,DEV_0_L1_INTERLEAVED,,,,,,,,,,,,,,,1,128,128,256,ROW_MAJOR,BFLOAT16,DEV_0_L1_INTERLEAVED,,,[],[],['ttnn/cpp/ttnn/deprecated/tt_dnn/kernels/dataflow/reader_unary_stick_layout_interleaved_start_id.cpp'; 'ttnn/cpp/ttnn/deprecated/tt_dnn/kernels/dataflow/writer_unary_stick_layout_interleaved_start_id.cpp'],['reader_unary_stick_layout_interleaved_start_id/3429493382364418668/'; 'writer_unary_stick_layout_interleaved_start_id/3902369359410567810/'],752,696,0,0,0,0,1,1,1,[8388608.0; 8388608.0],[8388608.0],309997,9783
ConcatDeviceOperation,tt_dnn_device,95,0,{'dim': '3'; 'groups': '1'; 'output_mem_config': 'MemoryConfig(memory_layout=TensorMemoryLayout::INTERLEAVED;buffer_type=BufferType::L1;shard_spec=std::nullopt)'},,64,,13675410613,14000664639,325254026,1643683349509,1643683555651,320443475,206142,205302,157184,205182,179074,234,205302,204865,,,,,,,1,128,128,256,ROW_MAJOR,BFLOAT16,DEV_0_L1_INTERLEAVED,1,128,128,256,ROW_MAJOR,BFLOAT16,DEV_0_L1_INTERLEAVED,1,128,128,256,ROW_MAJOR,BFLOAT16,DEV_0_L1_INTERLEAVED,1,128,128,256,ROW_MAJOR,BFLOAT16,DEV_0_L1_INTERLEAVED,1,128,128,1024,ROW_MAJOR,BFLOAT16,DEV_0_L1_INTERLEAVED,,,[],[],['ttnn/cpp/ttnn/operations/data_movement/concat/device/kernels/dataflow/reader_concat_stick_layout_interleaved_start_id.cpp'; 'ttnn/cpp/ttnn/deprecated/tt_dnn/kernels/dataflow/writer_unary_stick_layout_interleaved_start_id.cpp'],['reader_concat_stick_layout_interleaved_start_id/15147906934181132939/'; 'writer_unary_stick_layout_interleaved_start_id/12278084957728768653/'],772,1156,0,0,0,0,1,1,1,[8388608.0; 8388608.0; 8388608.0; 8388608.0],[33554432.0],323956855,20783
MoveDeviceOperation,tt_dnn_device,96,0,{'move_op_parallelization_strategy': 'MoveOpParallelizationStrategy::MULTI_CORE'; 'output_mem_config': 'MemoryConfig(memory_layout=TensorMemoryLayout::INTERLEAVED;buffer_type=BufferType::L1;shard_spec=std::nullopt)'},,64,,14000823771,14324628394,323804623,1644002509470,1644002706702,318954648,197232,196416,126396,196302,164860,224,196416,195988,,,,,,,1,128,128,1024,ROW_MAJOR,BFLOAT16,DEV_0_L1_INTERLEAVED,1,128,128,1024,ROW_MAJOR,BFLOAT16,DEV_0_L1_INTERLEAVED,,,,,,,,,,,,,,,1,128,128,1024,ROW_MAJOR,BFLOAT16,DEV_0_L1_INTERLEAVED,,,[],[],['ttnn/cpp/ttnn/deprecated/tt_dnn/kernels/dataflow/reader_unary_stick_layout_interleaved_start_id.cpp'; 'ttnn/cpp/ttnn/deprecated/tt_dnn/kernels/dataflow/writer_unary_stick_layout_interleaved_start_id.cpp'],['reader_unary_stick_layout_interleaved_start_id/12931566144234145840/'; 'writer_unary_stick_layout_interleaved_start_id/9569774284147999703/'],752,696,0,0,0,0,1,1,1,[33554432.0; 33554432.0],[33554432.0],322477358,21376
Tilize,tt_dnn_device,97,0,{'output_dtype': 'DataType::BFLOAT8_B'; 'output_mem_config': 'MemoryConfig(memory_layout=TensorMemoryLayout::INTERLEAVED;buffer_type=BufferType::L1;shard_spec=std::nullopt)'; 'use_multicore': 'true'},HiFi4,64,,14324904331,14817246215,492341884,1644488024250,1644488301160,485318197,276910,276260,132947,276162,245801,861,275738,255237,265719,266076,265768,,,,1,128,128,1024,ROW_MAJOR,BFLOAT16,DEV_0_L1_INTERLEAVED,,,,,,,,,,,,,,,,,,,,,,1,128,128,1024,TILE,BFLOAT8_B,DEV_0_L1_INTERLEAVED,,,['ttnn/cpp/ttnn/deprecated/tt_dnn/kernels/compute/tilize.cpp'],['tilize/5795218793811095219/'],['ttnn/cpp/ttnn/operations/data_movement/tilize/device/kernels/dataflow/reader_unary_stick_layout_split_rows_interleaved.cpp'; 'ttnn/cpp/ttnn/operations/eltwise/unary/device/kernels/dataflow/writer_unary_interleaved_start_id.cpp'],['reader_unary_stick_layout_split_rows_interleaved/8969292386741629976/'; 'writer_unary_interleaved_start_id/9290665183334403488/'],632,908,1156,664,1592,0,1,1,1,[33554432.0],[16777216.0],490423173,19492
MoveDeviceOperation,tt_dnn_device,98,0,{'move_op_parallelization_strategy': 'MoveOpParallelizationStrategy::MULTI_CORE'; 'output_mem_config': 'MemoryConfig(memory_layout=TensorMemoryLayout::INTERLEAVED;buffer_type=BufferType::L1;shard_spec=std::nullopt)'},,64,,14817440901,15132556637,315115736,1644798721935,1644798839904,310421586,117969,117154,97731,117091,109303,227,117154,116761,,,,,,,1,128,128,1024,TILE,BFLOAT8_B,DEV_0_L1_INTERLEAVED,1,128,128,1024,TILE,BFLOAT8_B,DEV_0_L1_INTERLEAVED,,,,,,,,,,,,,,,1,128,128,1024,TILE,BFLOAT8_B,DEV_0_L1_INTERLEAVED,,,[],[],['ttnn/cpp/ttnn/operations/eltwise/unary/device/kernels/dataflow/reader_unary_interleaved_start_id.cpp'; 'ttnn/cpp/ttnn/operations/eltwise/unary/device/kernels/dataflow/writer_unary_interleaved_start_id.cpp'],['reader_unary_interleaved_start_id/18078392748647256321/'; 'writer_unary_interleaved_start_id/1721918043065518605/'],632,580,0,0,0,0,1,1,1,[16777216.0; 16777216.0],[16777216.0],313591046,99421
InterleavedToShardedDeviceOperation,tt_dnn_device,99,0,{'output_mem_config': 'MemoryConfig(memory_layout=TensorMemoryLayout::HEIGHT_SHARDED;buffer_type=BufferType::L1;shard_spec=ShardSpec(grid={[(x=0;y=0) - (x=7;y=7)]};shape={256; 1024};orientation=ShardOrientation::ROW_MAJOR;mode=ShardMode::LOGICAL;physical_shard_shape={256; 1024}))'},,64,,15148474763,15461237460,312762697,1645122641964,1645122712095,323802870,70131,69242,46543,69113,62158,276,69242,69115,,,,,,,1,1,16384,1024,TILE,BFLOAT8_B,DEV_0_L1_INTERLEAVED,,,,,,,,,,,,,,,,,,,,,,1,1,16384,1024,TILE,BFLOAT8_B,DEV_0_L1_HEIGHT_SHARDED,,,[],[],['ttnn/cpp/ttnn/operations/data_movement/sharded/device/kernels/dataflow/reader_unary_sharded_blocks_interleaved_start_id.cpp'; 'ttnn/cpp/ttnn/operations/data_movement/sharded/device/kernels/dataflow/writer_unary_sharded.cpp'],['reader_unary_sharded_blocks_interleaved_start_id/17939274902069696601/'; 'writer_unary_sharded/4152704627781621048/'],368,772,0,0,0,0,1,1,1,[16777216.0],[16777216.0],311547860,18807
Matmul,tt_dnn_device,100,0,{'bcast_batch': '1'; 'compute_kernel_config': 'WormholeComputeKernelConfig(math_fidelity=LoFi;math_approx_mode=0;fp32_dest_acc_en=0;packer_l1_acc=1;dst_full_sync_en=0)'; 'global_cb': 'std::nullopt'; 'output_dtype': 'DataType::BFLOAT8_B'; 'output_mem_config': 'MemoryConfig(memory_layout=TensorMemoryLayout::HEIGHT_SHARDED;buffer_type=BufferType::L1;shard_spec=ShardSpec(grid={[(x=0;y=0) - (x=7;y=7)]};shape={256; 256};orientation=ShardOrientation::ROW_MAJOR;mode=ShardMode::PHYSICAL;physical_shard_shape=std::nullopt))'; 'output_tile': 'Tile(tile_shape={32; 32};face_shape={16; 16};num_faces=4)'; 'program_config': 'MatmulMultiCoreReuseMultiCast1DProgramConfig(compute_with_storage_grid_size=(x=8;y=8);in0_block_w=32;out_subblock_h=1;out_subblock_w=8;out_block_h=8;out_block_w=8;per_core_M=8;per_core_N=8;fuse_batch=1;fused_activation=UnaryWithParam(op_type=UnaryOpType::RELU;param={});mcast_in0=0;gather_in0=0;hop_cores={};num_global_cb_receivers=0)'; 'transpose_a': 'false'; 'transpose_b': 'false'; 'untilize_out': 'false'; 'user_core_coord': 'std::nullopt'; 'user_fused_activation': 'std::nullopt'; 'user_run_batched': 'false'},LoFi,64,,15461441386,16038433504,576992118,1645691425354,1645691548244,568714726,122890,121491,120704,121443,121287,646,121491,722,121079,120900,121350,,,,1,1,16384,1024,TILE,BFLOAT8_B,DEV_0_L1_HEIGHT_SHARDED,1,1,1024,256,TILE,BFLOAT16,DEV_0_DRAM_INTERLEAVED,1,1,32,256,TILE,BFLOAT16,DEV_0_DRAM_INTERLEAVED,,,,,,,,1,1,16384,256,TILE,BFLOAT8_B,DEV_0_L1_HEIGHT_SHARDED,,,['ttnn/cpp/ttnn/operations/matmul/device/kernels/compute/bmm_large_block_zm_fused_bias_activation.cpp'],['bmm_large_block_zm_fused_bias_activation/14717315270757335047/'],['ttnn/cpp/ttnn/operations/matmul/device/kernels/dataflow/reader_bmm_tile_layout_in0_sender_padding.cpp'; 'ttnn/cpp/ttnn/operations/matmul/device/kernels/dataflow/reader_bmm_tile_layout_in1_sender_writer_padding.cpp'; 'ttnn/cpp/ttnn/operations/matmul/device/kernels/dataflow/reader_bmm_tile_layout_in1_receiver_writer_padding.cpp'],['reader_bmm_tile_layout_in0_sender_padding/343476486986012532/'; 'reader_bmm_tile_layout_in1_sender_writer_padding/6063907600723106655/'; 'reader_bmm_tile_layout_in1_receiver_writer_padding/4328001343614167360/'],1712,460,2004,1452,3048,0,32768,32768,1892,[512.0; 16.0],[128.0],575134138,33804
Matmul,tt_dnn_device,101,0,{'bcast_batch': '1'; 'compute_kernel_config': 'WormholeComputeKernelConfig(math_fidelity=LoFi;math_approx_mode=0;fp32_dest_acc_en=0;packer_l1_acc=1;dst_full_sync_en=0)'; 'global_cb': 'std::nullopt'; 'output_dtype': 'DataType::BFLOAT8_B'; 'output_mem_config': 'MemoryConfig(memory_layout=TensorMemoryLayout::HEIGHT_SHARDED;buffer_type=BufferType::L1;shard_spec=ShardSpec(grid={[(x=0;y=0) - (x=7;y=7)]};shape={256; 160};orientation=ShardOrientation::ROW_MAJOR;mode=ShardMode::PHYSICAL;physical_shard_shape=std::nullopt))'; 'output_tile': 'Tile(tile_shape={32; 32};face_shape={16; 16};num_faces=4)'; 'program_config': 'MatmulMultiCoreReuseMultiCast1DProgramConfig(compute_with_storage_grid_size=(x=8;y=8);in0_block_w=8;out_subblock_h=1;out_subblock_w=5;out_block_h=8;out_block_w=5;per_core_M=8;per_core_N=5;fuse_batch=1;fused_activation=std::nullopt;mcast_in0=0;gather_in0=0;hop_cores={};num_global_cb_receivers=0)'; 'transpose_a': 'false'; 'transpose_b': 'false'; 'untilize_out': 'false'; 'user_core_coord': 'std::nullopt'; 'user_fused_activation': 'std::nullopt'; 'user_run_batched': 'false'},LoFi,64,,16044361714,16632385465,588023751,1646276624507,1646276649001,585077665,24494,23119,22223,23071,22903,622,23119,699,22749,22555,22976,,,,1,1,16384,256,TILE,BFLOAT8_B,DEV_0_L1_HEIGHT_SHARDED,1,1,256,160,TILE,BFLOAT16,DEV_0_DRAM_INTERLEAVED,1,1,32,160,TILE,BFLOAT16,DEV_0_DRAM_INTERLEAVED,,,,,,,,1,1,16384,160,TILE,BFLOAT8_B,DEV_0_L1_HEIGHT_SHARDED,,,['ttnn/cpp/ttnn/operations/matmul/device/kernels/compute/bmm_large_block_zm_fused_bias_activation.cpp'],['bmm_large_block_zm_fused_bias_activation/8957759748293313900/'],['ttnn/cpp/ttnn/operations/matmul/device/kernels/dataflow/reader_bmm_tile_layout_in0_sender_padding.cpp'; 'ttnn/cpp/ttnn/operations/matmul/device/kernels/dataflow/reader_bmm_tile_layout_in1_sender_writer_padding.cpp'; 'ttnn/cpp/ttnn/operations/matmul/device/kernels/dataflow/reader_bmm_tile_layout_in1_receiver_writer_padding.cpp'],['reader_bmm_tile_layout_in0_sender_padding/14213518803268212323/'; 'reader_bmm_tile_layout_in1_sender_writer_padding/16336553872331239609/'; 'reader_bmm_tile_layout_in1_receiver_writer_padding/13937757733878034487/'],1740,460,2020,2124,2592,0,4800,4800,295,[873.8133544921875; 17.066667556762695],[546.1333618164062],586085713,20536
(torch) permute,python_fallback,102,,None,,,,16657857152,16657927600,70448,,,,,,,,,,,,,,,,,,,,,,,,,,,,,,,,,,,,,,,,,,,,,,,,,,,,,,,,,,,,,,,,,,,,,,,
(torch) __get__,python_fallback,103,,None,,,,16657996230,16658014459,18229,,,,,,,,,,,,,,,,,,,,,,,,,,,,,,,,,,,,,,,,,,,,,,,,,,,,,,,,,,,,,,,,,,,,,,,
(torch) __get__,python_fallback,104,,None,,,,16658049103,16658062830,13727,,,,,,,,,,,,,,,,,,,,,,,,,,,,,,,,,,,,,,,,,,,,,,,,,,,,,,,,,,,,,,,,,,,,,,,
(torch) __get__,python_fallback,105,,None,,,,16658084166,16658096195,12029,,,,,,,,,,,,,,,,,,,,,,,,,,,,,,,,,,,,,,,,,,,,,,,,,,,,,,,,,,,,,,,,,,,,,,,
(torch) reshape,python_fallback,106,,None,,,,16658119892,16658162077,42185,,,,,,,,,,,,,,,,,,,,,,,,,,,,,,,,,,,,,,,,,,,,,,,,,,,,,,,,,,,,,,,,,,,,,,,
(torch) __get__,python_fallback,107,,None,,,,16658189336,16658203075,13739,,,,,,,,,,,,,,,,,,,,,,,,,,,,,,,,,,,,,,,,,,,,,,,,,,,,,,,,,,,,,,,,,,,,,,,
(torch) __get__,python_fallback,108,,None,,,,16658294526,16658308301,13775,,,,,,,,,,,,,,,,,,,,,,,,,,,,,,,,,,,,,,,,,,,,,,,,,,,,,,,,,,,,,,,,,,,,,,,
